{"cameraMode":{"drawMode":0,"name":"Shaded","section":"Shading Mode"},"sceneLighting":false,"audioPlay":false,"sceneViewState":{"showFog":false,"showMaterialUpdate":false,"showSkybox":true,"showFlares":true,"showImageEffects":true,"showParticleSystems":true},"in2DMode":false,"pivot":{"x":162.78082275390626,"y":165.70004272460938,"z":301.56878662109377},"rotation":{"x":0.18476535379886628,"y":-0.7619588375091553,"z":0.24728091061115266,"w":0.5693265199661255},"size":20.546201705932618,"orthographic":false}