{"cameraMode":{"drawMode":0,"name":"Shaded","section":"Shading Mode"},"sceneLighting":false,"audioPlay":false,"sceneViewState":{"showFog":true,"showMaterialUpdate":false,"showSkybox":true,"showFlares":true,"showImageEffects":true,"showParticleSystems":true},"in2DMode":false,"pivot":{"x":3.121652841567993,"y":4.285544395446777,"z":25.781217575073243},"rotation":{"x":-0.3403574526309967,"y":-0.49780139327049258,"z":0.22105062007904054,"w":-0.7664771676063538},"size":6.141659736633301,"orthographic":false}